{
    "Austin": 76.84931506849315,
    "Huntington Beach": 100.0,
    "San Diego": 61.198630136986296,
    "Atherton": 78.94977168949772,
    "Kuwait City": 100.0,
    "Cambrian": 1.36986301369863,
    "Taipei": 11.506849315068493,
    "Erikson": 100.0,
    "Hawthorne": 0.8904109589041096,
    "United States": 32.43906778153354,
    "Cambridge": 2.5753424657534247,
    "Omaha": 93.28767123287672,
    "Waverly Park": 3.5616438356164384,
    "Washington": 52.32876712328767,
    "Outer Sunset": 11.835616438356164,
    "San Miguel": 16.43835616438356,
    "Ponderosa Park": 34.12915851272016,
    "Gilroy": 47.42294520547945,
    "Alviso": 50.273972602739725,
    "Knoxville": 100.0,
    "Millbrae": 74.04109589041096,
    "Tel Aviv-Yafo": 100.0,
    "Walnut Creek": 53.6986301369863,
    "Willow Glen": 49.797260273972604,
    "Milpitas": 47.91023025357038,
    "Redmond": 100.0,
    "Zionsville": 96.43835616438356,
    "Gardner": 22.348336594911938,
    "Houston": 31.506849315068493,
    "Agoura Hills": 100.0,
    "Tampa": 74.79452054794521,
    "Incline Village": 0.0,
    "Ontario Ranch": 50.95890410958904,
    "Hammer": 4.10958904109589,
    "Rancho Rinconada": 17.534246575342465,
    "Flickinger North": 81.26027397260273,
    "Downtown": 82.3744292237443,
    "Rose Garden": 67.59817351598173,
    "Warm Springs": 1.095890410958904,
    "Cambrian Park": 2.191780821917808,
    "Portland": 96.43835616438356,
    "Brampton": 58.9041095890411,
    "Beijing": 29.315068493150687,
    "Monte Vista": 49.04109589041096,
    "Burbank": 100.0,
    "Oklahoma City": 62.73972602739726,
    "New Delhi": 100.0,
    "Tucson": 77.26027397260275,
    "Sunnyvale West": 52.73972602739726,
    "Denver": 28.263013698630136,
    "Hillsborough": 75.20547945205479,
    "Westport": 20.54794520547945,
    "Richmond": 19.1324200913242,
    "Downtown San Jose": 24.200913242009133,
    "Shoreline West": 21.826484018264843,
    "Broadway - Palmhaven": 15.616438356164384,
    "Palo Alto": 52.18253634759223,
    "Portola Valley": 61.130136986301366,
    "Mount Hamilton": 20.82191780821918,
    "Mission Valley": 14.246575342465754,
    "Downtown North": 82.73972602739727,
    "Palmas del Mar": 53.6986301369863,
    "Belle Haven": 23.333333333333332,
    "Boston": 35.342465753424655,
    "Redwood City": 58.74429223744292,
    "North Los Altos": 41.278538812785385,
    "Ohlone": 100.0,
    "Evergreen": 37.334993773349936,
    "South San Francisco": 100.0,
    "Hawaiian Gardens": 2.4657534246575343,
    "Northside": 65.98825831702544,
    "Boulder Creek": 5.205479452054795,
    "Glenview": 0.0,
    "California": 48.797726610317696,
    "Union City": 42.8310502283105,
    "Chicago": 79.45205479452055,
    "Southgate": 60.136986301369866,
    "Santa Maria": 96.16438356164385,
    "Cory": 33.42465753424658,
    "Buena Vista": 0.273972602739726,
    "West Hollywood": 98.63013698630137,
    "Tracy": 0.273972602739726,
    "Monroe": 0.273972602739726,
    "Pasadena": 66.02739726027397,
    "Saratoga": 38.69178082191781,
    "Pleasanton": 57.14285714285714,
    "Nashua": 64.10958904109589,
    "Alum Rock": 53.43607305936074,
    "Los Angeles": 59.0593607305936,
    "Del Mar": 36.986301369863014,
    "Elk Grove": 6.575342465753424,
    "Christiansted": 100.0,
    "South San Jose": 47.73445732349842,
    "New South Wales": 69.86301369863014,
    "Carmel-by-the-Sea": 25.89041095890411,
    "Dallas": 100.0,
    "Watsonville": 64.47488584474887,
    "Whaley": 71.12328767123289,
    "Sugar Land": 87.3972602739726,
    "Half Moon Bay": 17.534246575342465,
    "Salem": 100.0,
    "Shinjuku": 78.9041095890411,
    "Mid City": 56.986301369863014,
    "East Industrial": 6.8493150684931505,
    "Torrance": 49.589041095890416,
    "San Mateo": 42.84018264840183,
    "Midtown": 0.410958904109589,
    "Daly City": 24.10958904109589,
    "Burlingame": 40.182648401826484,
    "Woodside": 59.45205479452055,
    "Yum Yum Tract": 84.10958904109589,
    "Roanoke": 0.0,
    "Commerce City": 79.72602739726027,
    "Miami": 37.534246575342465,
    "Berkeley": 17.686453576864537,
    "Plano": 63.83561643835617,
    "New York": 40.18924518383376,
    "Concord": 28.493150684931507,
    "Hollywood": 16.43835616438356,
    "Ruskin": 93.15068493150685,
    "San Jose": 51.23123024236038,
    "Salyer": 8.21917808219178,
    "Arctic Sue": 54.794520547945204,
    "Hong Kong Island": 100.0,
    "Hayward": 52.054794520547944,
    "San Tomas": 45.06849315068493,
    "Colorado Springs": 100.0,
    "Fallen Leaf": 9.04109589041096,
    "Sunnyvale": 38.18537626756805,
    "San Leandro": 25.89041095890411,
    "East Palo Alto": 40.72522159548751,
    "Syracuse": 86.57534246575342,
    "Castro Valley": 100.0,
    "Little Rock": 0.273972602739726,
    "Philadelphia": 100.0,
    "Santa Clara": 45.276131412646706,
    "San Ramon": 90.68493150684932,
    "La Colina": 0.273972602739726,
    "Edenvale": 48.06973848069738,
    "Napa": 82.73972602739727,
    "Garnet Valley": 95.8904109589041,
    "Levis": 0.0,
    "Vallejo": 43.83561643835616,
    "Mitty": 47.78082191780822,
    "Mission District": 23.424657534246577,
    "University Heights": 62.054794520547944,
    "West Valley": 43.06000385876905,
    "China": 100.0,
    "Erie": 100.0,
    "Atlanta": 62.73972602739726,
    "Dyer": 100.0,
    "Burbank/Del Monte": 84.93150684931507,
    "California City": 25.47945205479452,
    "Southlake": 0.821917808219178,
    "Yonkers": 92.32876712328768,
    "San Martin": 20.02283105022831,
    "Monte Sereno": 70.63511830635119,
    "London": 27.123287671232877,
    "Madison Heights": 100.0,
    "Memphis": 100.0,
    "Joseph": 100.0,
    "Old Palo Alto": 83.45890410958904,
    "Baltimore": 14.794520547945206,
    "Barbera - Stokes": 74.24657534246575,
    "West San Jose": 74.24657534246575,
    "West Sacramento": 31.36986301369863,
    "Upper Sierra": 86.84931506849315,
    "Great Oaks": 56.71232876712329,
    "Rose - Sartorette": 100.0,
    "San Bruno": 100.0,
    "American Fork": 87.3972602739726,
    "Foster City": 69.08023483365949,
    "Lancaster": 4.10958904109589,
    "Reno": 88.76712328767124,
    "Hawaii": 91.5068493150685,
    "Cypress Village": 56.986301369863014,
    "Lynn Haven": 82.46575342465754,
    "Ridgewood": 92.87671232876711,
    "Menlo Park": 48.055901480559015,
    "Cupertino": 47.352428393524285,
    "Los Gatos": 51.8817591925018,
    "Corralitos": 41.917808219178085,
    "Tekirda\u011f": 19.726027397260275,
    "Central LA": 100.0,
    "Pittsburg": 1.36986301369863,
    "Quincy": 50.95890410958904,
    "Fremont": 44.09891478384629,
    "Crescent Park": 26.027397260273972,
    "Naglee Park": 74.88584474885845,
    "Santa Barbara": 99.72602739726028,
    "Berryessa": 63.66438356164383,
    "Springfield": 56.49315068493151,
    "College Terrace": 45.20547945205479,
    "Salt Lake City": 95.61643835616438,
    "Almaden": 52.465753424657535,
    "Ventura": 82.10045662100457,
    "Fair Oaks": 81.60469667318982,
    "Irvine": 81.04607721046078,
    "Buffalo Grove": 28.493150684931507,
    "University South": 50.95890410958904,
    "Newark": 75.47945205479452,
    "Santa Clarita": 28.493150684931507,
    "Redwood Estates": 3.287671232876712,
    "New Jersey": 100.0,
    "Wellesley": 20.0,
    "Colville": 100.0,
    "Santa Cruz County": 100.0,
    "Campbell": 42.97847358121331,
    "Lake Oswego": 58.9041095890411,
    "Whisman Station": 7.9452054794520555,
    "Scottsdale": 92.10958904109589,
    "Meadows": 43.23287671232877,
    "Blue Hills": 100.0,
    "Pacific Palisades": 5.205479452054795,
    "Central San Jose": 63.305936073059364,
    "Block House Creek": 10.95890410958904,
    "Cambrian Community": 16.25570776255708,
    "Tempe": 55.89041095890411,
    "Watertown": 16.506849315068493,
    "Laguna Beach": 76.71232876712328,
    "Heritage District": 37.97260273972603,
    "Stanford": 97.80821917808218,
    "North San Jose": 37.67123287671233,
    "Anaheim": 75.61643835616438,
    "Leavenworth": 100.0,
    "Yerba Buena": 6.301369863013699,